ID,Titolo,Generi,Punteggio_Utente,Stato_Utente,Punteggio_Medio,Rank,Popolarita
3,20th Century Boys,"Award Winning, Drama, Historical, Mystery, Psychological, Sci-Fi, Seinen",9,completed,8.94,17,24
743,21st Century Boys,"Award Winning, Drama, Mystery, Psychological, Sci-Fi, Seinen",0,completed,8.43,200,143
1224,3-gatsu no Lion,"Award Winning, Childcare, Drama, Iyashikei, Seinen, Slice of Life, Strategy Game",6,on_hold,8.85,28,225
147337,"66,666 Years: Advent of the Dark Mage","Fantasy, Reincarnation",4,dropped,7.31,4781,1431
134678,A Business Proposal,"Adult Cast, Comedy, Drama, Romance, Workplace",5,completed,7.94,892,1888
148457,A Dance of Swords in the Night,"Action, Fantasy, Martial Arts",5,dropped,7.07,8053,4986
41723,A Fairytale for the Demon Lord,"Action, Adventure, Fantasy, Romance",0,plan_to_read,7.09,7784,2086
158496,A Modern Man Who Got Transmigrated Into the Murim World,"Action, Fantasy, Isekai, Martial Arts, Reincarnation",0,plan_to_read,6.96,9693,7704
132247,A Returner's Magic Should Be Special,"Action, Fantasy, School, Time Travel",6,completed,7.59,2427,344
50027,About Death,"Psychological, Slice of Life, Supernatural",8,completed,8.05,673,1395
172750,Absolute Regression,"Action, Fantasy, Martial Arts, Time Travel",4,reading,7.67,1948,5866
149880,Absolute Sword Sense,"Action, Fantasy, Martial Arts, Time Travel",4,dropped,7.52,2882,3523
143991,After God,"Action, Fantasy",0,plan_to_read,7.57,2530,1300
147448,After School Lessons for Unripe Apples,"Romance, School",6,dropped,8.56,118,2890
150210,After Ten Millennia in Hell,"Action, Fantasy",5,dropped,7.53,2779,908
103939,Aharen-san wa Hakarenai,"Comedy, Love Status Quo, Romance, School, Shounen",3,dropped,7.57,2541,531
147014,Aisha,"Drama, Mystery, Psychological, Suspense",0,plan_to_read,7.7,1799,16905
49865,Ajin,"Action, Gore, Horror, Mystery, Seinen, Supernatural",7,completed,8,781,85
1218,Akagi: Yami ni Oritatta Tensai,"Action, Adult Cast, Drama, Organized Crime, Psychological, Strategy Game",0,plan_to_read,8.19,462,1528
21525,Akatsuki no Yona,"Adventure, Fantasy, Romance, Shoujo",0,plan_to_read,8.82,35,86
664,Akira,"Action, Award Winning, Gore, Sci-Fi, Seinen",0,plan_to_read,8.66,69,94
24705,Aku no Hana,"Drama, Psychological, Romance, School, Shounen",0,plan_to_read,8.2,446,66
1101,Akumetsu,"Action, Detective, Drama, Psychological, Shounen, Suspense",8,completed,8.11,583,238
125325,Akuyaku Reijou Tensei Ojisan,"Comedy, Fantasy, School, Seinen, Villainess",3,dropped,7.18,6489,4622
62887,All You Need Is Kill,"Action, Military, Sci-Fi, Seinen, Time Travel",7,completed,7.75,1575,93
63535,Amaama to Inazuma,"Childcare, Comedy, Gourmet, Iyashikei, Seinen, Slice of Life",5,completed,8.13,556,735
143336,Among Us,"Comedy, Kids, Sci-Fi, Space",6,completed,6.97,9658,3508
128953,Ankoku Kishi no Ore desu ga Saikyou no Paladin wo Mezashimasu,"Action, Fantasy, School",2,dropped,6.29,18724,8022
30079,Annarasumanara,"Drama, Mystery, Psychological, Romance, School, Seinen",9,completed,8.28,336,235
296,Anne Freaks,"Horror, Mystery, Psychological",5,completed,6.62,15068,3075
102256,Ao Ashi,"Award Winning, Seinen, Sports, Team Sports",0,plan_to_read,8.61,99,507
13492,Ao no Exorcist,"Action, Mythology, School, Shounen, Supernatural",0,plan_to_read,7.87,1116,76
135545,Ao no Hako,"Romance, School, Shounen, Sports, Team Sports",0,plan_to_read,8.29,322,188
14154,Arakawa Under the Bridge,"Comedy, Romance, Seinen",4,completed,7.82,1284,1090
96528,Arifureta Shokugyou de Sekai Saikyou,"Action, Adventure, Fantasy, Harem, Isekai",4,dropped,7.18,6410,319
1303,Ashita no Joe,"Combat Sports, Drama, Shounen, Slice of Life, Sports",0,plan_to_read,8.93,18,289
131084,Assassin's Creed Valhalla x Vinland Saga,"Action, Historical, Seinen",4,completed,5.86,20238,6640
153965,Auto Hunting With My Clones,"Action, Fantasy",6,dropped,7.18,6531,3562
141583,Ayashimon,"Action, Organized Crime, Shounen, Supernatural",5,completed,6.57,15840,544
93350,Ayeshah's Secret,Drama,7,completed,7.24,5658,2606
85,Azumanga Daioh,"CGDCT, Comedy, School, Slice of Life",3,dropped,8.37,240,306
72299,Baki-dou,"Action, Gore, Martial Arts, Shounen",0,plan_to_read,7.63,2198,1075
115749,Baki-dou,"Action, Martial Arts, Shounen",0,plan_to_read,7.29,5036,1826
5157,Baki: New Grappler Baki,"Action, Combat Sports, Gore, Martial Arts, Shounen",0,plan_to_read,7.82,1280,724
9711,Bakuman.,"Comedy, Drama, Otaku Culture, Romance, Shounen",0,plan_to_read,8.37,244,57
756,Banana Fish,"Action, Adventure, Delinquents, Drama, Organized Crime, Psychological, Shoujo, Suspense",0,plan_to_read,8.6,101,276
13568,Barairo no Kaibutsu,"Horror, Psychological, Seinen",5,completed,6.53,16376,11043
17051,Barakamon,"Childcare, Comedy, Iyashikei, Shounen, Slice of Life, Visual Arts",4,dropped,8.43,201,421
111213,Bastard,"Drama, Gore, Horror, Mystery, Psychological, Romance",8,completed,8.47,170,87
103701,Beastars,"Anthropomorphic, Award Winning, Drama, Psychological, Shounen, Slice of Life",9,completed,8.23,391,121
10010,Beelzebub,"Action, Childcare, Comedy, Delinquents, Mythology, School, Shounen, Supernatural",0,plan_to_read,8.12,566,119
2,Berserk,"Action, Adventure, Award Winning, Drama, Fantasy, Gore, Horror, Military, Psychological, Seinen",10,dropped,9.47,1,1
92299,Berserk: Shinen no Kami 2,Seinen,0,completed,8.49,153,1017
147662,Best Teacher Baek,"Action, Fantasy, Martial Arts, Reincarnation",7,reading,7.6,2323,4200
113835,Biao Ren,"Action, Drama, Historical",8,reading,7.68,1894,6029
11054,Billy Bat,"Detective, Drama, Historical, Mystery, Psychological, Seinen, Supernatural",0,plan_to_read,8.55,126,218
168969,Black and White Martial Emperor,"Action, Fantasy, Martial Arts",3,dropped,6.84,11772,16391
86337,Black Clover,"Action, Fantasy, Shounen",0,plan_to_read,7.85,1177,34
735,Black Lagoon,"Action, Adult Cast, Drama, Military, Organized Crime, Seinen",0,plan_to_read,8.29,327,301
149,Blame!,"Action, Drama, Horror, Psychological, Sci-Fi, Seinen",6,completed,8.29,326,70
12,Bleach,"Action, Adventure, Award Winning, Shounen, Supernatural",0,plan_to_read,7.89,1047,15
85719,Blue Giant,"Award Winning, Music, Seinen",7,completed,8.49,158,790
100922,Blue Giant Supreme,"Music, Seinen",0,plan_to_read,8.32,296,4037
1479,Blue Heaven,"Action, Psychological, Seinen",5,completed,6.71,13835,1529
114745,Blue Lock,"Award Winning, Shounen, Sports, Team Sports",7,reading,8.47,172,44
107931,Blue Period,"Award Winning, Drama, School, Seinen, Visual Arts",8,reading,8.61,100,97
2109,Bokkou,"Action, Award Winning, Drama, Historical, Seinen",5,completed,7.69,1817,3708
75989,Boku no Hero Academia,"Action, School, Shounen, Super Power",4,completed,7.96,847,11
112807,Boku no Kokoro no Yabai Yatsu,"Comedy, Romance, School, Shounen",0,plan_to_read,8.25,377,294
153950,Boku to Jinginaki Ojisan,"Comedy, Shounen",4,completed,6.99,9336,13144
94919,Bokutachi ga Yarimashita,"Drama, Seinen",0,plan_to_read,7.95,865,686
175296,Bones,"Action, Fantasy, Urban Fantasy",2,dropped,5.89,20187,7716
148617,Book Eater,"Action, Adventure, Fantasy, School",5,dropped,7.09,7705,4213
119533,"Boukensha License wo Hakudatsu sareta Ossan dakedo, Manamusume ga Dekita node Nonbiri Jinsei wo Ouka suru","Action, Adventure, Fantasy",6,on_hold,7.07,8014,2440
115194,Boukensha ni Naritai to Miyako ni Deteitta Musume ga S-Rank ni Natteta,"Action, Adventure, Fantasy",6,on_hold,7.36,4243,1886
130977,Build King,"Action, Adventure, Fantasy, Shounen",2,completed,4.87,20668,6862
23419,Byousoku 5 Centimeter,"Drama, Romance, Seinen",6,completed,7.9,1018,575
103444,Candy & Cigarettes,"Action, Seinen",5,completed,7.35,4425,1166
116778,Chainsaw Man,"Action, Award Winning, Fantasy, Gore, Shounen, Urban Fantasy",8,on_hold,8.69,65,3
104271,Chi no Wadachi,"Drama, Psychological, Seinen, Suspense",0,plan_to_read,8.01,769,115
76813,Chichi to Ko,"Childcare, Comedy, Shounen, Slice of Life",0,plan_to_read,7.69,1809,5902
148428,Child of the Sheath,"Action, Adventure, Fantasy",5,dropped,7.65,2038,8239
131403,Choujin X,"Action, Seinen, Supernatural",0,plan_to_read,7.46,3336,297
157591,Chronicles of the Demon Faction,"Action, Fantasy, Martial Arts, Reincarnation",4,dropped,7.46,3366,4196
177080,Chronicles of the Reincarnated Demon God,"Action, Fantasy, Martial Arts, Reincarnation",5,dropped,6.78,12695,13215
583,Claymore,"Action, Adventure, Fantasy, Gore, Horror, Shounen",0,plan_to_read,8.28,343,35
36595,Cocoon,"Drama, Historical, Josei",6,completed,7.41,3775,4741
5651,Crows,"Action, Delinquents, School, Shounen",0,plan_to_read,8.21,438,675
127084,Cuprum no Hanayome,"Comedy, Romance, Seinen",4,dropped,7.42,3675,3101
24,D.Gray-man,"Action, Adventure, Fantasy, Shounen, Urban Fantasy",0,plan_to_read,8.28,340,72
118858,Dai Dark,"Comedy, Horror, Sci-Fi, Shounen",9,on_hold,7.82,1298,437
158565,Damedol to Sekai ni Hitori dake no Fan,"Comedy, Idols (Female), Romance",4,dropped,7.5,3039,1863
135496,Dandadan,"Action, Comedy, Shounen, Supernatural",8,on_hold,8.45,189,52
130755,Darwin Jihen,"Award Winning, Sci-Fi, Seinen",0,plan_to_read,7.34,4483,4754
70801,Dead Dead Demons Dededede Destruction,"Award Winning, Drama, School, Sci-Fi, Seinen",6,completed,8.2,449,200
110301,Dead Mount Death Play,"Action, Fantasy, Reincarnation, Seinen, Urban Fantasy",3,dropped,7.53,2810,1144
21,Death Note,"Psychological, Shounen, Supernatural, Suspense",7,completed,8.69,62,14
149465,Demon Devourer,"Action, Fantasy",5,dropped,7.23,5743,2319
147847,Descended from Divinity,"Action, Fantasy, Reincarnation",4,dropped,7.78,1432,1965
148070,Descent of the Demon Master,"Action, Fantasy, Martial Arts, Reincarnation",6,on_hold,6.61,15191,3547
150998,Designated Bully,"Action, Delinquents, School",3,dropped,7.25,5589,3105
1474,Devilman,"Action, Adventure, Drama, Fantasy, Horror, Mythology, Psychological, Sci-Fi, Shounen, Super Power, Supernatural",5,completed,8.03,706,299
148456,Disciple of the Holy Sword,"Action, Adventure, Fantasy",5,on_hold,7.15,6851,2980
82947,Distant Sky,"Action, Drama, Horror, Mystery, Survival",7,completed,7.74,1580,2429
111767,Do Chokkyuu Kareshi x Kanojo,"Comedy, Romance, School, Shounen",3,dropped,7.5,3021,561
151060,"Doctor, Live Again","Action, Fantasy, Isekai, Martial Arts, Medical, Reincarnation",6,on_hold,7.26,5451,3129
147172,Doom Breaker,"Action, Fantasy, Time Travel",6,on_hold,7.94,902,681
1133,Dorohedoro,"Action, Comedy, Fantasy, Gore, Horror, Seinen",10,completed,8.68,67,47
156024,"Doumo, Yuusha no Chichi desu. Kono Tabi wa Gusoku ga Gomeiwaku wo Kakete, Moushiwake Arimasen.","Action, Adventure, Comedy, Fantasy",3,completed,5.69,20421,14354
40345,Dr. Frost,"Drama, Medical, Psychological",4,dropped,7.96,858,1641
103897,Dr. Stone,"Adventure, Award Winning, Sci-Fi, Shounen, Survival, Suspense",0,plan_to_read,8.2,451,40
146618,Drawing: Saikyou Mangaka wa Oekaki Skill de Isekai Musou suru!,"Adventure, Fantasy, Isekai, Reincarnation",2,dropped,6.67,14364,3857
85781,Dungeon Meshi,"Award Winning, Comedy, Fantasy, Gourmet, Seinen",0,plan_to_read,8.77,46,158
152405,Dungeon Odyssey,"Action, Fantasy",4,dropped,7.76,1491,2179
147438,Dungeon Reset,"Action, Adventure, Fantasy",5,dropped,6.93,10216,1920
147171,Eleceed,"Action, Super Power",7,reading,8.54,129,570
10970,Emerging,"Drama, Gore, Horror, Medical, Psychological, Seinen",4,completed,6.69,14059,1862
150204,Ending Maker,"Action, Fantasy, Isekai, Romance",6,on_hold,7.82,1306,2864
43,Eyeshield 21,"Shounen, Sports, Team Sports",0,plan_to_read,8.46,177,207
43913,Feng Shen Ji,"Action, Fantasy, Historical, Martial Arts, Supernatural",8,completed,8.15,514,696
147463,FFF-Class Trashero,"Action, Adventure, Fantasy, Isekai, Time Travel",3,dropped,7.19,6367,1482
118805,Fight Class 3,"Action, Martial Arts, School",5,dropped,7.65,2031,4147
98270,Fire Punch,"Action, Gore, Mystery, Shounen, Supernatural",4,dropped,7.92,941,41
150088,Fist Demon of Mount Hua,"Action, Adventure, Fantasy, Martial Arts",4,dropped,7.03,8600,8249
25,Fullmetal Alchemist,"Action, Adventure, Award Winning, Drama, Fantasy, Military, Shounen",0,plan_to_read,9.04,10,20
102343,Fumetsu no Anata e,"Adventure, Award Winning, Drama, Shounen, Supernatural",8,on_hold,8.28,352,136
112694,Fushigi Neko no Kyuu-chan,"Comedy, Pets, Slice of Life",6,completed,8.17,482,2656
103694,Gal Gohan,"Comedy, Gourmet, Love Status Quo, Romance, School, Seinen",3,dropped,7.43,3600,416
24903,Gangsta.,"Action, Adult Cast, Drama, Organized Crime, Seinen",0,plan_to_read,8.05,670,234
564,Gantz,"Action, Drama, Gore, Horror, Psychological, Sci-Fi, Seinen, Supernatural, Survival",4,dropped,8.09,613,30
15010,Gekiryuuchi,"Action, Drama, Martial Arts, Psychological, School, Seinen",5,completed,6.72,13687,2451
146875,Get Schooled,"Drama, School",6,on_hold,7.59,2393,1997
110727,Gigant,"Drama, Romance, Sci-Fi, Seinen",2,completed,5.95,20074,778
124145,Gilgamesh,"Action, Adventure, Fantasy",7,completed,7.76,1514,7484
25096,Gin no Saji,"Award Winning, Comedy, Drama, School, Shounen",5,dropped,8.33,279,420
44,Gintama,"Action, Comedy, Gag Humor, Historical, Parody, Samurai, Sci-Fi, Shounen",0,plan_to_read,8.64,80,153
98720,Goblin Slayer,"Action, Fantasy, Seinen",5,dropped,7.71,1756,180
106247,Goblin wa Mou Juubun ni Tsuyoi,"Comedy, Fantasy, Shounen",4,completed,6.68,14252,4299
147532,God of Blackfield,"Action, Reincarnation, School",6,on_hold,7.05,8398,2595
1092,Gokusen,"Action, Comedy, Delinquents, Josei, Organized Crime, Romance, School, Slice of Life, Workplace",3,dropped,8.05,676,1080
112922,Gokushufudou,"Adult Cast, Comedy, Organized Crime",7,reading,8.11,578,102
85968,Golden Kamuy,"Action, Adventure, Award Winning, Historical, Seinen",6,dropped,8.63,85,146
1470,Gon,"Action, Adventure, Award Winning, Drama, Seinen",7,completed,7.26,5367,1270
147530,Gosu,"Action, Adventure, Historical, Martial Arts",7,completed,7.9,1001,2820
70345,Grand Blue,"Comedy, Seinen",4,plan_to_read,9.03,12,48
11425,Grappler Baki,"Action, Gore, Martial Arts, Shounen",7,reading,7.72,1703,668
107909,Grashros,"Action, Seinen",4,completed,6.07,19779,2353
36099,Green Blood,"Action, Historical, Psychological, Seinen, Suspense",0,plan_to_read,7.58,2485,500
336,GTO,"Action, Award Winning, Comedy, Delinquents, Drama, Ecchi, School, Shounen, Workplace",3,dropped,8.87,26,56
128783,Gyakusatsu Happy End,"Horror, Mystery, Psychological, Supernatural, Suspense",0,plan_to_read,7.15,6877,1740
87637,Hai to Gensou no Grimgar,"Action, Adventure, Drama, Fantasy, Isekai, Shounen",5,completed,7.2,6147,2678
35243,Haikyuu!!,"Award Winning, School, Shounen, Sports, Team Sports",7,completed,8.86,27,33
7,Hajime no Ippo,"Award Winning, Combat Sports, Shounen, Sports",0,plan_to_read,8.74,51,164
146944,Hardcore Leveling Warrior,"Action, Adventure, Fantasy, Video Game",0,plan_to_read,7.67,1910,2581
147572,Heavenly Demon Reborn!,"Action, Fantasy, Martial Arts, Reincarnation",6,completed,7.59,2394,2618
162325,Heavenly Grand Archive's Young Master,"Action, Fantasy, Martial Arts",5,on_hold,7.23,5748,6603
151667,Hectopascal,Action,4,dropped,7.14,7032,6194
77637,Helck,"Action, Fantasy",8,completed,8.15,519,430
61583,Hellper,"Action, Fantasy, Supernatural",8,completed,7.93,935,1460
267,Hellsing,"Action, Adult Cast, Gore, Historical, Horror, Seinen, Supernatural, Vampire",0,plan_to_read,8.28,342,148
151242,Helmut,"Action, Fantasy",3,dropped,7.21,6055,2696
176511,"Henkyou Mob Kizoku no Uchi ni Totsuidekita Akuyaku Reijou ga, Mechakucha Dekiru Ii Yome Nanda ga?","Fantasy, Isekai, Reincarnation, Romance",4,dropped,7.01,8988,10163
147290,Hero Killer,"Action, Super Power",6,dropped,7.62,2232,2177
1325,Hi no Tori (1967),"Drama, Fantasy, Historical, Psychological, Romance, Sci-Fi, Shounen, Space, Supernatural",7,completed,8.55,124,799
35719,Hibi Chouchou,"Romance, School, Shoujo",4,dropped,7.52,2913,216
116766,Hige wo Soru. Soshite Joshikousei wo Hirou.,"Drama, Romance, Shounen",2,dropped,7.2,6169,382
12200,High School Musical,"Comedy, Romance, School, Shoujo",3,completed,2.46,20689,7756
36413,Hinamatsuri,"Childcare, Comedy, Organized Crime, Seinen, Supernatural",9,completed,8.46,181,308
137303,Hirayasumi,"Seinen, Slice of Life",8,reading,8.53,140,1058
143305,Hiroware Koneko to Moto Yakuza,"Comedy, Pets",5,completed,7.17,6540,11494
148050,His Majesty's Secret Heroine,"Action, Adventure, Crossdressing, Fantasy, Romance",4,completed,7.03,8593,15684
2924,Historie,"Action, Adventure, Award Winning, Historical, Seinen",0,plan_to_read,8.19,463,733
147643,Hoarding in Hell,"Action, Fantasy, Isekai",5,dropped,6.68,14173,4167
1149,Hokuto no Ken,"Action, Drama, Martial Arts, Sci-Fi, Shounen",0,plan_to_read,8.09,617,376
3285,Holyland,"Action, Delinquents, Martial Arts, Psychological, Seinen",7,reading,8.44,197,174
936,Homunculus,"Drama, Horror, Mystery, Psychological, Seinen, Supernatural",7,completed,8.34,274,79
42451,Horimiya,"Romance, School, Shounen",5,completed,8.41,210,16
21467,Hoshi Mamoru Inu,"Pets, Seinen, Slice of Life",0,plan_to_read,8.14,536,966
366,Hoshi no Koe,"Drama, Mecha, Romance, Sci-Fi, Seinen",5,completed,7.8,1357,795
44489,Houseki no Kuni,"Action, Anthropomorphic, Drama, Fantasy, Seinen",0,plan_to_read,8.97,15,80
151440,How to Live as a Villain,"Action, Fantasy, Isekai, Psychological, Survival",3,dropped,6.93,10228,3721
147318,How to Use a Returner,"Action, Adventure, Fantasy, Isekai",3,dropped,7.64,2108,1519
26,Hunter x Hunter,"Action, Adventure, Fantasy, Shounen",8,reading,8.76,48,22
14440,I Am a Hero,"Award Winning, Drama, Gore, Horror, Psychological, Seinen",0,plan_to_read,7.65,2056,133
153199,I Only Want to Beat You,"Comedy, Love Status Quo, Romance, School",6,completed,7.74,1586,7180
147822,I Stan the Prince,"Comedy, Fantasy, Romance",4,dropped,7.54,2765,4726
147392,I'm the Max-Level Newbie,"Action, Fantasy",4,dropped,7.7,1802,563
33031,Imawa no Kuni no Alice,"Action, Gore, High Stakes Game, Horror, Psychological, Shounen, Supernatural, Survival",0,plan_to_read,8.38,234,182
171441,"Immortal, Invincible","Action, Fantasy, Martial Arts, Reincarnation",4,dropped,,,
114824,In the Room,"Drama, Horror, Seinen, Supernatural",4,completed,,,
58563,Innocent,"Drama, Historical, Seinen",0,plan_to_read,,,
93699,Innocent Rouge,"Award Winning, Drama, Historical, Seinen",0,plan_to_read,8.39,225,573
64465,Inuyashiki,"Drama, Gore, Sci-Fi, Seinen",7,completed,7.58,2495,272
90190,"Isekai Izakaya ""Nobu""","Adult Cast, Fantasy, Gourmet, Isekai, Iyashikei, Seinen, Workplace",6,on_hold,7.64,2133,2866
110621,Isekai Omotenashi Gohan,"Fantasy, Gourmet, Isekai, Slice of Life",4,completed,7.24,5696,4333
102671,Isekai Shokudou,"Comedy, Fantasy, Gourmet, Iyashikei, Mystery, Seinen, Workplace",6,completed,7.59,2405,4567
44743,Itou Junji Kyoufu Manga Collection: Nikuiro no Kai,"Drama, Horror, Psychological, Seinen, Supernatural, Suspense",6,completed,7.54,2712,1583
104314,Jagaaaaaan,"Drama, Gore, Horror, Mystery, Seinen, Supernatural",5,dropped,7.43,3602,176
21665,Jigoku no Alice,"Action, Sci-Fi, Seinen",0,plan_to_read,7.23,5797,2960
112318,Jigokuraku,"Action, Fantasy, Historical, Shounen",5,dropped,8.22,413,60
106025,Jinmen,"Gore, Horror",0,plan_to_read,6.13,19561,1858
131703,Jinrui wo Metsubou sasete wa Ikemasen,"Childcare, Sci-Fi, Seinen, Slice of Life",6,completed,7.91,988,5269
3006,JoJo no Kimyou na Bouken Part 4: Diamond wa Kudakenai,"Action, Shounen, Supernatural",0,plan_to_read,8.57,111,135
3008,JoJo no Kimyou na Bouken Part 5: Ougon no Kaze,"Action, Adventure, Organized Crime, Shounen",0,plan_to_read,8.18,475,124
1706,JoJo no Kimyou na Bouken Part 7: Steel Ball Run,"Action, Adventure, Historical, Mystery, Seinen, Shounen, Supernatural",9,completed,9.32,2,23
25515,JoJo no Kimyou na Bouken Part 8: JoJolion,"Action, Adventure, Award Winning, Mystery, Seinen, Supernatural",8,completed,8.47,166,75
139629,JoJo no Kimyou na Bouken Part 9: The JoJoLands,"Action, Adventure, Seinen, Supernatural",0,plan_to_read,8.32,297,396
149983,Judge and Executioner,"Action, Drama, Psychological",6,completed,6.76,13046,14003
113138,Jujutsu Kaisen,"Action, School, Shounen, Supernatural",7,on_hold,8.24,380,10
100448,"Jumyou wo Kaitotte Moratta. Ichinen ni Tsuki, Ichimanen de.","Drama, Shounen",6,completed,8.77,47,58
147053,Jungle Juice,"Action, Fantasy",5,dropped,7.69,1851,1511
125076,Juujika no Rokunin,"Gore, Mystery, Psychological, Shounen, Suspense",1,on_hold,6.92,10383,204
171811,Juvenile Detention Center,"Action, Drama",5,reading,6.73,13460,17991
122353,Kaette Kudasai! Akutsu-san,"Comedy, Love Status Quo, Romance",5,on_hold,7.35,4358,354
119022,Kage no Jitsuryokusha ni Naritakute!,"Action, Comedy, Fantasy, Isekai, Reincarnation",4,dropped,8.25,378,205
90125,Kaguya-sama wa Kokurasetai: Tensai-tachi no Renai Zunousen,"Award Winning, Comedy, Romance, School, Seinen",7,completed,8.89,24,25
127907,Kaijuu 8-gou,"Action, Adult Cast, Fantasy, Sci-Fi, Shounen, Urban Fantasy",6,dropped,7.74,1597,64
108948,Kaitai Zanuff,"Horror, Psychological, Seinen",4,completed,7.2,6131,4806
128784,Kami ni Aisareta Ko,"Fantasy, Slice of Life",2,dropped,6.19,19322,15603
24808,Kami no Kodomo,"Horror, Psychological",3,completed,6.62,15103,1293
111228,Kami-tachi ni Hirowareta Otoko,"Adventure, Fantasy, Isekai, Iyashikei, Reincarnation",0,plan_to_read,7.29,5029,1343
50217,Kamisama ga Uso wo Tsuku.,"Drama, Romance, School, Seinen",7,completed,7.86,1150,285
90800,Kanojo wa Rokurokubi,"Comedy, School, Shounen, Supernatural",5,completed,7.16,6788,1480
144267,Kaoru Hana wa Rin to Saku,"Drama, Romance, School",8,reading,8.82,33,152
55377,Kasane,"Drama, Performing Arts, Psychological, Seinen, Supernatural",0,plan_to_read,7.83,1221,550
119687,Katabami to Ougon,"Drama, Historical, Seinen",0,plan_to_read,7.48,3161,10283
18161,Katanagatari,"Action, Adventure, Comedy, Romance, Samurai",0,plan_to_read,8.28,334,2597
47,Katekyou Hitman Reborn!,"Action, Comedy, Organized Crime, School, Shounen, Super Power",0,plan_to_read,8.1,589,106
118196,Kawaii dake ja Nai Shikimori-san,"Comedy, Romance",3,dropped,7.52,2922,241
651,Kaze no Tani no Nausicaä,"Action, Adventure, Award Winning, Fantasy",0,plan_to_read,8.81,40,267
72025,Kengan Ashura,"Action, Martial Arts",6,completed,8.26,366,277
146979,Kill the Hero,"Action, Adventure, Fantasy, Time Travel",1,dropped,7.21,6048,1619
96792,Kimetsu no Yaiba,"Action, Fantasy, Historical, Shounen",6,completed,8.13,555,9
99314,Kimi no Na wa.,"Drama, Seinen",6,completed,8.39,227,168
104538,Kimi no Suizou wo Tabetai,"Drama, Romance",8,completed,8.49,154,381
121213,Kimi wa Houkago Insomnia,"Romance, School, Seinen",8,completed,8.4,220,325
16765,Kingdom,"Action, Award Winning, Historical, Military, Seinen",9,reading,9.01,13,50
131342,Kizoku Tensei: Megumareta Umare kara Saikyou no Chikara wo Eru,"Action, Adventure, Fantasy, Reincarnation",3,dropped,6.67,14344,4579
80119,Kobayashi-san Chi no Maid Dragon,"Fantasy, Slice of Life",1,dropped,7.9,997,401
56805,Koe no Katachi,"Award Winning, Drama, Shounen",8,completed,8.85,29,26
7375,Kokou no Hito,"Award Winning, Drama, Psychological, Seinen, Sports",10,completed,8.81,41,103
99007,"Komi-san wa, Comyushou desu.","Award Winning, Comedy, School, Shounen",4,dropped,8.05,683,29
116772,Kono Yuusha ga Ore Tueee Kuse ni Shinchou sugiru,"Action, Adventure, Comedy, Fantasy, Isekai, Shounen",4,dropped,7.12,7357,2719
153492,Koroshiya no Oshi,"Action, Comedy, Seinen",5,dropped,7.57,2536,8416
138703,Kotoshi no Mitsuishi-san wa Dokoka Okashii,"Comedy, Romance, School",3,dropped,7.2,6186,2694
42579,Kubera,"Action, Adventure, Comedy, Fantasy, Romance",3,dropped,8.03,713,1424
128093,Kuchi ga Saketemo Kimi ni wa,"Fantasy, Romance, Shounen",5,completed,7.7,1772,499
144453,Kuchibeta Shokudou,"Comedy, Slice of Life",5,on_hold,7.02,8797,14224
121615,Kumichou Musume to Sewagakari,"Childcare, Organized Crime, Slice of Life",5,reading,7.71,1725,2484
95012,"Kumo desu ga, Nani ka?","Action, Adventure, Comedy, Fantasy, Isekai, Reincarnation",6,completed,8.36,261,660
136979,Kuroiwa Medaka ni Watashi no Kawaii ga Tsuujinai,"Comedy, Love Status Quo, Romance, School, Shounen",3,dropped,7.17,6661,488
3866,Kuroshitsuji,"Action, Fantasy, Historical, Mystery, Mythology, Shounen, Supernatural",0,plan_to_read,8.41,215,71
96050,"Kuzumi-kun, Kuuki Yometemasu ka?","Comedy, Romance, School, Shounen",4,completed,7.55,2624,486
117549,Kyuujitsu no Warumono-san,"Fantasy, Iyashikei, Slice of Life, Urban Fantasy",5,on_hold,7.7,1768,1764
156825,Last on Earth,"Action, Adventure, Fantasy",3,dropped,6.91,10629,4932
146982,Latna Saga: Survival of a Sword King,"Action, Adventure, Fantasy, Isekai",7,on_hold,7.78,1430,1046
150784,Legend of an Asura: The Poison Dragon,"Action, Fantasy, Martial Arts",6,on_hold,7.25,5588,2915
171243,Level 0 no Munou Tansakusha to Sagesumaretemo Jitsu wa Sekai Saikyou desu: Tansaku Ranking 1-i wa Nazo no Hito,"Action, Adventure, Fantasy, Harem",2,dropped,6.17,19408,18001
148009,Level Up with the Gods,"Action, Adventure, Fantasy, Time Travel",5,dropped,7.72,1664,1071
147460,Leveling Beyond the Max,"Action, Fantasy, Isekai, Martial Arts",3,dropped,6.55,16152,3299
148137,Leviathan,"Action, Fantasy, Survival",6,dropped,8.29,320,1207
147981,Little Rabbit and the Big Bad Leopard,"Anthropomorphic, Fantasy, Romance",5,completed,7.75,1536,3815
147389,Log-in Murim,"Action, Adventure, Fantasy, Martial Arts",0,plan_to_read,7.96,849,1559
138673,Look Back,"Drama, Shounen",0,plan_to_read,8.41,211,127
111202,Lookism,"Action, Comedy, Drama, School, Supernatural",7,reading,7.97,831,265
132500,"Loop 7-kaime no Akuyaku Reijou wa, Moto Tekikoku de Jiyuu Kimama na Hanayome Seikatsu wo Mankitsu suru","Fantasy, Romance, Time Travel",6,dropped,7.7,1775,2896
147317,Lout of Count's Family,"Fantasy, Isekai, Reincarnation",4,dropped,7.8,1352,793
119152,Lv2 kara Cheat datta Motoyuusha Kouho no Mattari Isekai Life,"Adventure, Fantasy, Isekai, Romance",5,dropped,7.14,6992,648
91941,Made in Abyss,"Adventure, Drama, Fantasy, Sci-Fi",0,plan_to_read,8.73,53,61
14790,Magi,"Adventure, Award Winning, Fantasy, Shounen",0,plan_to_read,8.26,362,78
61189,Mahoutsukai no Yome,"Drama, Fantasy, Mythology, Romance, Shounen, Urban Fantasy",7,on_hold,8.33,280,166
160056,Mahoutsukai to Aka no Pilgrim,"Adventure, Fantasy",7,completed,7.46,3368,8600
104241,Mairimashita! Iruma-kun,"Comedy, Fantasy, Shounen",4,dropped,8.34,272,269
1415,Manhole,"Detective, Horror, Mystery, Seinen",0,plan_to_read,7.15,6907,1477
13387,March Story,"Action, Drama, Fantasy, Horror, Seinen, Supernatural",0,plan_to_read,7.7,1784,3980
124085,Mashle,"Action, Comedy, Fantasy, Gag Humor, Parody, School, Shounen",6,completed,7.61,2304,140
3579,Mashounen B.T.,"Action, Comedy, Fantasy, Mystery, Psychological, Shounen, Supernatural",4,completed,6.14,19524,7266
848,Master Keaton,"Adult Cast, Adventure, Drama, Historical, Military, Mystery, Seinen, Slice of Life",0,plan_to_read,7.68,1881,2284
147820,Master Villainess the Invincible!,"Action, Fantasy, Isekai, Martial Arts, Villainess",5,dropped,7.4,3893,5722
147455,Masters of Lightning Knives,"Action, Martial Arts",5,on_hold,7.52,2877,4736
110160,"Mata, Onaji Yume wo Miteita",Drama,6,completed,8.38,236,803
147712,Maybe Meant to Be,"Adult Cast, Comedy, Romance",6,reading,7.97,824,905
5711,Megumi no Daigo,"Action, Award Winning, Drama, Shounen",0,plan_to_read,8.05,678,5724
105877,Mobuko no Koi,"Adult Cast, Drama, Romance, Seinen",6,reading,7.43,3603,2996
104440,Monkey Peak,"Horror, Seinen",0,plan_to_read,6.56,15945,3988
1,Monster,"Adult Cast, Award Winning, Drama, Mystery, Psychological, Seinen",8,completed,9.16,5,28
129808,Mookhyang: Dark Lady,"Action, Adventure, Fantasy, Magical Sex Shift",7,reading,7.55,2660,4496
149141,Mookhyang: The Origin,"Action, Adventure, Fantasy",6,completed,7.28,5182,7422
124471,Moon You,"Comedy, Drama, Sci-Fi, Space",6,completed,7.81,1326,11299
147941,Mori-chan Ken-chan,"Drama, Memoir, Seinen",8,completed,7.68,1904,20034
658,Mugen no Juunin,"Action, Adventure, Drama, Historical, Martial Arts, Samurai, Seinen, Supernatural",5,plan_to_read,8.41,213,187
147642,Murim RPG Simulation,"Action, Adventure, Fantasy, Martial Arts, Time Travel, Video Game",5,dropped,7.34,4499,3758
418,Mushishi,"Adult Cast, Award Winning, Fantasy, Historical, Iyashikei, Mystery, Seinen, Supernatural",0,plan_to_read,8.7,61,178
70259,Mushoku Tensei: Isekai Ittara Honki Dasu,"Fantasy, Isekai, Reincarnation, Seinen",2,dropped,8.11,579,122
149438,My Blasted Reincarnated Life,"Action, Fantasy, Reincarnation",4,dropped,7.83,1248,787
148733,My Boss's Special Request,"Adult Cast, Romance, Workplace",5,on_hold,7.51,2944,12375
148620,My Dad Is Too Strong,"Action, Comedy, Fantasy",3,dropped,6.95,9876,4552
150203,My Daughter Is the Final Boss,"Action, Childcare, Fantasy, Time Travel",3,dropped,7.33,4630,2272
151111,My F-Rank High School Life,"Action, School, Super Power",2,dropped,6.66,14513,2450
143627,My Gently Raised Beast,"Fantasy, Romance",6,completed,7.38,4024,3052
108032,My Home Hero,"Drama, Seinen, Suspense",0,plan_to_read,7.9,1024,600
147073,My Life as a Loser,"Action, Drama, School, Time Travel",4,dropped,7.95,887,5549
148958,My Master Is a Backseat Gamer,"Action, Fantasy",2,dropped,6.69,14159,4303
151757,My Royal Awakening,"Drama, Historical, Reincarnation, Time Travel",6,completed,7.62,2235,12268
147202,My S-Class Hunters,"Action, Adventure, Fantasy, Time Travel",3,dropped,7.39,4014,1582
150561,Mythic Item Obtained,"Action, Fantasy",6,on_hold,7.43,3569,1310
138533,Nan Hao Shang Feng,"Comedy, School",7,reading,8.55,120,1034
28,Nana,"Adult Cast, Award Winning, Drama, Love Polygon, Music, Romance, Shoujo",0,plan_to_read,8.81,39,77
44485,Nanatsu no Taizai,"Action, Adventure, Award Winning, Fantasy, Shounen",1,dropped,7.44,3537,53
147863,Nano Machine,"Action, Adventure, Fantasy, Martial Arts, Sci-Fi",5,dropped,8.18,469,611
112245,Navillera: Like a Butterfly,"Drama, Performing Arts",0,plan_to_read,8.1,597,4554
102458,Neko no Otera no Chion-san,"Seinen, Slice of Life",0,plan_to_read,7.66,2007,1649
141226,Neko no Te datte Yaku ni Tatsu,"Comedy, Romance, Supernatural",3,dropped,6.81,12167,9953
18753,Nekojiru Udon,"Anthropomorphic, Comedy, Seinen",4,completed,7.52,2906,4582
159130,Nick to Lever,"Comedy, Gag Humor, Seinen",6,completed,8.08,628,6607
119084,Nihon e Youkoso Elf-san.,"Comedy, Fantasy, Isekai",5,dropped,7.36,4244,1815
39291,Nijiiro Days,"Comedy, Romance, School, Shoujo",0,plan_to_read,7.95,884,445
13290,Ningen Shikkaku,"Drama, Historical, Psychological, Seinen",0,plan_to_read,7.98,815,468
123065,Ninkyou Tensei: Isekai no Yakuza Hime,"Action, Adventure, Fantasy, Isekai, Reincarnation, Seinen",7,reading,7.48,3164,1499
122775,"Nito no Taida na Isekai Shoukougun: Saijakushoku ""Healer"" nanoni Saikyou wa Cheat desu ka?","Action, Adventure, Fantasy, Isekai, Reincarnation",4,dropped,6.85,11527,1967
90423,No Guns Life,"Action, Sci-Fi, Seinen",0,plan_to_read,7.32,4660,1434
147769,No Home,"School, Slice of Life",5,completed,8.73,55,2658
29983,Noblesse,"Action, Adventure, Comedy, School, Supernatural",6,completed,8.1,603,131
12569,Not Simple,"Drama, Seinen, Slice of Life",0,plan_to_read,7.75,1556,1660
163356,Ogami Tsumiki to Ki Nichijou.,"Anthropomorphic, Fantasy, Love Status Quo, Romance, School, Shounen, Urban Fantasy",4,dropped,7.59,2398,1939
112774,Ojisama to Neko,"Pets, Slice of Life",5,dropped,8.29,321,871
114121,Ojisan wa Kawaii Mono ga Osuki.,Comedy,5,on_hold,7.18,6481,18329
140520,Okiraku Ryoushu no Tanoshii Ryouchi Bouei,Fantasy,3,dropped,6.97,9656,5270
132214,Omniscient Reader's Viewpoint,"Action, Adventure, Fantasy, Urban Fantasy",6,on_hold,8.62,94,89
143441,Omniscient Reader's Viewpoint,"Action, Adventure, Fantasy, Urban Fantasy",7,completed,9.04,9,783
17465,Omoide Emanon,"Drama, Seinen",8,completed,8,778,249
164732,Omori,"Horror, Psychological, Seinen",3,dropped,7.47,3261,7437
8967,Onanie Master Kurosawa,"Drama, Psychological, School",4,completed,8.39,224,84
156716,"One Day, Suddenly, Seoul Is","Survival, Suspense",7,on_hold,7.11,7516,14781
13,One Piece,"Action, Adventure, Fantasy, Shounen",7,reading,9.22,4,4
145980,One Piece: Nami vs. Kalifa,"Action, Adventure, Fantasy",2,completed,6.69,14153,7826
44347,One Punch-Man,"Action, Comedy, Parody, Seinen, Super Power",8,reading,8.72,57,7
112592,Oniichan wa Oshimai!,"CGDCT, Comedy, Magical Sex Shift",2,dropped,7.83,1239,938
3299,Ookami to Koushinryou,"Adult Cast, Adventure, Drama, Fantasy, Historical, Romance, Seinen, Supernatural",7,completed,8.45,184,422
121083,Ookami wa Nemuranai,"Action, Adventure, Fantasy, Isekai",0,plan_to_read,7.44,3465,3453
35573,Orange,"Drama, Love Polygon, Romance, School, Sci-Fi, Shoujo, Time Travel",0,plan_to_read,,,
1211,Ore to Akuma no Blues,"Drama, Historical, Horror, Psychological, Seinen",0,plan_to_read,,,
11514,Otoyomegatari,"Award Winning, Historical, Romance, Seinen",0,plan_to_read,,,
123397,Ou no Kemono: Enpei no Arcana,"Crossdressing, Drama, Fantasy, Romance, Shoujo",0,plan_to_read,,,
147727,Overgeared,"Action, Fantasy, Video Game",4,dropped,7.77,1483,917
81667,Overlord,"Action, Fantasy, Isekai",0,plan_to_read,7.97,821,397
4632,Oyasumi Punpun,"Drama, Psychological, Seinen, Slice of Life",9,completed,8.99,14,8
3031,Pandora Hearts,"Adventure, Fantasy, Mystery, Shounen",0,plan_to_read,8.56,113,54
154587,Pick Me Up,"Action, Fantasy, Isekai, Video Game",0,plan_to_read,8.28,339,810
146750,Pigpen,"Horror, Psychological, Survival, Suspense",7,completed,7.94,901,1924
5744,Ping Pong,"Drama, Seinen, Sports",0,plan_to_read,8.53,136,827
481,Planetes,"Adult Cast, Award Winning, Drama, Psychological, Sci-Fi, Seinen, Slice of Life, Space, Workplace",0,plan_to_read,8.24,382,295
149871,Player,"Action, Adventure, Fantasy, Isekai",6,on_hold,7.85,1171,2201
745,Pluto,"Action, Award Winning, Detective, Mystery, Psychological, Sci-Fi, Seinen, Suspense",0,plan_to_read,8.62,91,101
119260,Ponkotsu Fuuki Iin to Skirt-take ga Futekisetsu na JK no Hanashi,"Comedy, Romance, School, Shounen",4,dropped,7.57,2519,878
3438,Psyren,"Action, Adventure, High Stakes Game, Psychological, Romance, Sci-Fi, Shounen, Strategy Game, Super Power, Supernatural",0,plan_to_read,7.94,911,160
106733,Ragna Crimson,"Action, Fantasy, Shounen",0,plan_to_read,7.64,2110,835
7482,Rainbow: Nisha Rokubou no Shichinin,"Award Winning, Delinquents, Drama, Historical, Psychological, Seinen",0,plan_to_read,8.45,185,481
109229,Raise wa Tanin ga Ii,"Organized Crime, Romance, Seinen",8,reading,7.8,1371,568
22986,Ran to Haiiro no Sekai,"Drama, Fantasy, Romance, Seinen, Supernatural",0,plan_to_read,8.04,691,610
146774,Random Chat,"Action, Drama, School",3,completed,7.26,5446,3608
73271,Re:Monster,"Action, Adventure, Fantasy, Isekai, Reincarnation",3,dropped,7.29,4998,315
657,Real,"Award Winning, Drama, Psychological, Seinen, Sports, Team Sports",0,plan_to_read,8.96,16,150
151157,Reality Quest,"Action, School, Supernatural",5,dropped,7.52,2884,2097
147924,Reborn as a Scholar,"Action, Martial Arts, Reincarnation",6,completed,7.01,8950,5609
148512,Reincarnated as an Unruly Heir,"Action, Martial Arts, Reincarnation",5,dropped,7.03,8595,4802
168981,Reincarnated Murim Lord,"Action, Fantasy, Martial Arts, Reincarnation",7,reading,7.22,5900,11575
161442,Reincarnation of the Veteran Soldier,"Action, Adult Cast, Fantasy, Isekai",6,on_hold,7.44,3493,11888
78523,ReLIFE,"Comedy, Drama, Romance, School, Slice of Life",4,dropped,8.63,84,67
158010,Return of the Bloodthirsty Police,"Action, Organized Crime, Reincarnation",5,reading,7.07,8062,7197
146878,Return of the Blossoming Blade,"Action, Adventure, Fantasy, Martial Arts, Reincarnation",7,reading,8.5,148,656
147577,Return of the Mad Demon,"Action, Martial Arts, Time Travel",6,reading,7.88,1068,1265
149349,Return of the Scholar,"Action, Fantasy, Martial Arts",3,dropped,6.52,16440,20679
153399,Return of the War God,"Action, Fantasy, Martial Arts",6,reading,7.48,3177,3838
152612,Returning With Absolutely Nothing,"Action, Fantasy, Isekai, Time Travel",6,on_hold,7.48,3176,3161
157888,Revenge of the Baskerville Bloodhound,"Action, Fantasy, Time Travel",2,dropped,8.04,694,766
148002,Reverse Villain,"Action, Reincarnation, Supernatural",2,completed,6.62,15165,4267
78477,Rikudou,"Combat Sports, Drama, Seinen, Sports",0,plan_to_read,7.78,1441,746
148729,Rooftop Swordmaster,"Action, Supernatural",2,dropped,6.46,17205,4850
148511,Rookie Chef with the Magic Touch,"Drama, Gourmet",3,dropped,6.87,11163,14623
915,Rookies,"Comedy, Delinquents, Drama, School, Shounen, Slice of Life, Sports, Team Sports",0,plan_to_read,8.23,394,767
104298,Route End,"Detective, Mystery, Shounen, Suspense",0,plan_to_read,7.06,8133,2156
148054,Ruri Dragon,"School, Shounen, Slice of Life, Supernatural",5,completed,7.69,1852,474
109339,Saihate no Paladin,"Action, Adventure, Fantasy, Isekai, Reincarnation",0,plan_to_read,7.8,1372,616
37755,Saiki Kusuo no Ψ-nan,"Comedy, Gag Humor, School, Shounen, Super Power, Supernatural",4,dropped,8.31,306,533
3575,Saikyou Densetsu Kurosawa,"Action, Comedy, Delinquents, Drama, Psychological, Seinen, Suspense",0,plan_to_read,8.31,303,692
116701,Saikyou Juzoku Tensei: Majutsu Otaku no Risoukyou,"Adventure, Fantasy, Isekai, Reincarnation",3,dropped,6.35,18280,3813
159741,Saitei Chara ni Tensei shita Ore wa Ikinokoritai,"Adventure, Fantasy, Isekai, Reincarnation, Video Game",3,dropped,6.33,18394,20179
131334,Sakamoto Days,"Action, Comedy, Shounen",7,on_hold,8.17,485,96
48649,Sakamoto desu ga?,"Comedy, Gag Humor, School, Seinen",6,completed,7.72,1674,542
145863,Sayonara Eri,"Drama, Shounen",8,completed,8.64,83,92
661,Sayonara Zetsubou Sensei,"Award Winning, Comedy, Gag Humor, Parody, School, Shounen",4,completed,8.15,505,579
145539,Seasons of Blossom,"Love Polygon, Romance",8,completed,8.59,105,1290
147091,Seihantai na Kimi to Boku,"Comedy, Romance, School, Shounen",7,reading,7.8,1351,1118
1827,Shaman Warrior,"Action, Adventure, Drama, Fantasy, Martial Arts",0,plan_to_read,7.25,5506,4093
148655,Shark,"Action, Drama",6,reading,7.32,4766,18007
157543,Shibatarian,"Psychological, Shounen, Suspense",3,completed,6.43,17577,3961
37707,Shigatsu wa Kimi no Uso,"Award Winning, Drama, Music, Romance, School, Shounen",9,completed,8.59,108,194
3868,Shigurui,"Action, Drama, Gore, Historical, Martial Arts, Samurai, Seinen",0,plan_to_read,8.06,657,609
117851,Shimeji Simulation,"School, Slice of Life",7,completed,8.48,163,859
23390,Shingeki no Kyojin,"Action, Award Winning, Drama, Gore, Military, Shounen, Survival, Suspense",7,completed,8.55,122,2
57795,Shingeki no Kyojin: Before the Fall,"Action, Drama, Fantasy, Shounen, Supernatural",0,plan_to_read,7.41,3749,433
58007,Shingeki no Kyojin: Kuinaki Sentaku,"Action, Shoujo",6,completed,8.16,495,324
146751,Shotgun Boy,"Action, Horror, Psychological, Survival, Suspense",6,completed,7.66,1993,1291
72467,Shoujo Shuumatsu Ryokou,"Adventure, Award Winning, Iyashikei, Slice of Life",9,completed,8.72,58,208
126699,Shounen no Abyss,"Drama, Psychological, Seinen",0,plan_to_read,7.17,6654,167
110485,Shuumatsu no Walküre,"Action, Fantasy, Mythology, Seinen",7,on_hold,8.01,758,88
118289,Skip to Loafer,"Award Winning, Drama, School, Seinen",7,dropped,8.6,102,400
51,Slam Dunk,"Award Winning, School, Shounen, Sports, Team Sports",8,completed,9.08,6,49
154009,Slave B,"Action, Adventure, Drama, Fantasy",3,dropped,6.37,18105,7463
110288,"Slime Taoshite 300-nen, Shiranai Uchi ni Level Max ni Nattemashita","Comedy, Fantasy, Isekai, Reincarnation",3,dropped,7.15,6865,993
3731,Solanin,"Drama, Seinen, Slice of Life",0,plan_to_read,8.21,437,104
119184,Solo Leveling,"Action, Adult Cast, Adventure, Fantasy, Urban Fantasy",6,completed,8.44,190,1812
121496,Solo Leveling,"Action, Adult Cast, Adventure, Fantasy, Urban Fantasy",6,completed,8.65,78,5
172429,Solo Leveling: Ragnarok,"Action, Adult Cast, Adventure, Fantasy, Urban Fantasy",7,reading,7.86,1129,840
96573,Something About Us,"Romance, School",7,completed,8.15,504,650
112268,Sono Bisque Doll wa Koi wo Suru,"Otaku Culture, Romance, School, Seinen",6,on_hold,7.97,832,63
126287,Sousou no Frieren,"Adventure, Award Winning, Drama, Fantasy, Shounen",8,on_hold,8.84,30,81
119161,Spy x Family,"Action, Childcare, Comedy, Shounen",7,reading,8.49,161,19
93516,SQ: Begin W/Your Name!,"Comedy, Girls Love, School, Slice of Life",7,completed,8.37,247,259
146909,SSS-Class Revival Hunter,"Action, Adventure, Fantasy, Time Travel",6,on_hold,8.29,328,386
146752,Study Group,"Action, Delinquents, School",6,reading,7.43,3565,2090
116539,Subete no Jinrui wo Hakai suru. Sorera wa Saisei Dekinai.,"School, Shounen, Strategy Game",0,plan_to_read,8,784,913
110031,Summertime Render,"Mystery, Shounen, Supernatural, Suspense, Time Travel",3,dropped,8.22,412,317
8848,Sun-Ken Rock,"Action, Comedy, Drama, Ecchi, Seinen",3,dropped,7.89,1059,120
148467,Super no Ura de Yani Suu Futari,"Adult Cast, Love Status Quo, Romance",7,reading,8.09,625,371
8438,Super-Conductive Brains,"Avant Garde, Seinen",5,completed,6.53,16368,5190
1533,Superior,"Action, Adventure, Drama, Fantasy, Romance, Shounen",4,completed,7.71,1710,923
147276,Surviving Romance,"Horror, School, Survival, Suspense",5,completed,8.06,661,2932
124845,Sweet Home,"Action, Drama, Gore, Horror, Suspense",9,completed,8.27,356,192
142600,Takopii no Genzai,"Drama, Psychological, Sci-Fi, Shounen",7,completed,7.65,2035,441
151012,Tale of a Scribe Who Retires to the Countryside,"Action, Adventure, Fantasy, Martial Arts",4,dropped,7.16,6705,6429
146966,Teenage Mercenary,"Action, School",6,reading,7.89,1035,487
153158,Telework Yotabanashi,"Adult Cast, Romance, Seinen",5,completed,8.1,608,1089
72451,Ten Prism,"Action, Adventure, Drama, Fantasy, Seinen",3,dropped,6.4,17836,10365
111745,Tengoku Daimakyou,"Adventure, Mystery, Sci-Fi, Seinen",5,dropped,8.13,544,490
168656,Tensei Akuma no Saikyou Yuusha Ikusei Keikaku,"Adventure, Childcare, Fantasy, Isekai",4,dropped,7.38,4070,12386
113178,Tensei shitara Dragon no Tamago datta: Ibara no Dragon Road,"Action, Adventure, Fantasy, Isekai, Reincarnation",4,dropped,6.98,9516,1968
87609,Tensei shitara Slime Datta Ken,"Award Winning, Fantasy, Isekai, Reincarnation, Shounen",3,dropped,8.37,249,95
11366,Teppuu,"Action, Combat Sports, Drama, Psychological, Seinen, Sports",7,completed,7.64,2090,664
37563,Terra Formars,"Action, Gore, Horror, Sci-Fi, Seinen, Survival",0,plan_to_read,7.21,6008,336
148850,Terror Man,"Action, Supernatural",6,completed,7.56,2603,4653
162700,The Academy's Genius Swordsman,"Action, Fantasy, Time Travel",3,dropped,7.3,4919,1403
165031,The Apothecary Prince,"Adventure, Fantasy, Isekai, Reincarnation",3,dropped,6.75,13090,6866
147693,The Archmage Returns After 4000 Years,"Action, Adventure, Fantasy, Reincarnation",5,dropped,7.47,3250,943
155284,The Baengri Clan's Unwanted Granddaughter,"Fantasy, Time Travel, Villainess",6,reading,7.65,2041,6145
141120,The Boxer,"Combat Sports, Drama, Sports",9,completed,8.5,147,365
8586,The Breaker,"Action, Comedy, Drama, Martial Arts, School",7,completed,8.39,223,83
22651,The Breaker: New Waves,"Action, Comedy, Drama, Martial Arts, Romance, School",6,completed,8.37,250,162
147569,The Celestial Returned from Hell,"Action, Fantasy, Urban Fantasy",4,dropped,6.59,15502,3233
173090,The Dang Clan's Swordmaster Heir Just Wants a Normal Life,"Action, Fantasy, Martial Arts, Reincarnation",6,reading,7.2,6183,12845
157232,The Dark Mage's Return to Enlistment,"Action, Fantasy, Military",4,dropped,6.92,10431,3524
148421,The Divine Surgeon,"Drama, Historical, Medical, Reincarnation, Time Travel",0,plan_to_read,7.53,2776,5887
147489,The Druid of Seoul Station,"Action, Fantasy, Isekai",2,dropped,6.55,16153,2847
152195,The Dungeon Cleaning Life of a Once Genius Hunter,"Action, Fantasy, Time Travel",3,dropped,6.91,10624,4781
87844,The Fable,"Adult Cast, Award Winning, Comedy, Organized Crime, Seinen, Suspense",9,completed,8.56,115,304
146787,The Gamer,"Action, Fantasy, School",2,dropped,6.51,16622,2158
111996,The God of High School,"Action, Adventure, Fantasy, Martial Arts, Urban Fantasy",6,completed,7.67,1939,211
148454,The Grand Mudang Saga,"Action, Fantasy, Martial Arts, Reincarnation",5,on_hold,7.47,3251,3883
147272,The Greatest Estate Developer,"Adventure, Comedy, Fantasy, Isekai, Reincarnation",6,dropped,8.82,34,394
150455,The Hero Returns,"Action, Fantasy, Reincarnation, Time Travel",3,dropped,6.89,10824,2135
125036,The Horizon,"Adventure, Drama, Psychological",9,completed,8.7,60,141
154692,The Infinite Mage,"Action, Adventure, Fantasy",6,reading,7.9,1002,872
159140,The Knight King Who Returned with a God,"Action, Fantasy",5,dropped,7.28,5189,2447
170427,The Knight Only Lives Today,"Action, Fantasy, Time Travel",7,reading,8.16,492,3374
146827,The Lazy Lord Masters the Sword,"Action, Fantasy",6,on_hold,7.67,1909,1024
134744,The Legend of the Northern Blade,"Action, Adventure, Fantasy, Martial Arts",8,completed,8.56,117,408
147536,The Legendary Moonlight Sculptor,"Action, Adventure, Fantasy, Video Game",3,dropped,7.47,3248,2812
148679,The Lord of Coins,"Action, Adventure, Fantasy, Time Travel",0,plan_to_read,6.77,12872,2837
153509,The Nine Heavens Swordmaster,"Action, Fantasy, Martial Arts",4,reading,7,9168,3246
148985,The Novel's Extra,"Action, Fantasy, Isekai, Reincarnation, School",3,dropped,7.74,1584,1133
165038,The Outcast Is a Fighter,"Combat Sports, Reincarnation, Sports",3,dropped,,37319,30325
1320,The Ravages of Time,"Action, Adventure, Historical, Military",0,plan_to_read,8.2,441,1362
150422,The Reaper,"Action, Fantasy, Martial Arts",6,reading,7.75,1537,1640
149305,The Red Book,Horror,4,completed,6.14,19550,25521
174559,The Regressed Mercenary Has a Plan,"Action, Fantasy, Time Travel",4,dropped,7.75,1526,5475
149013,The Return of the Disaster-Class Hero,"Action, Fantasy",4,dropped,7.44,3483,825
180758,The Returned C-Rank Tank Won't Die!,"Action, Fantasy, Urban Fantasy",2,dropped,,31777,34213
146761,The Skeleton Soldier Failed to Defend the Dungeon,"Action, Adventure, Fantasy, Time Travel",4,dropped,7.57,2531,1227
150546,The Slumbering Ranker,"Action, Fantasy, Video Game",2,dropped,6.92,10340,3913
149572,The Stormy Inn,"Action, Fantasy, Martial Arts",4,dropped,6.63,15005,14906
148961,The Superhuman Era,"Action, Super Power",8,reading,7.94,903,4456
146949,The Swordmaster's Son,"Action, Adventure, Fantasy",3,dropped,7.85,1170,723
162696,The Terminally Ill Young Master of the Baek Clan,"Action, Fantasy, Martial Arts",3,dropped,6.83,11956,9322
146856,The Tutorial Is Too Tough!,"Action, Fantasy, Isekai, Survival",4,dropped,7.12,7334,2203
147217,The World After the Fall,"Action, Fantasy",6,on_hold,7.55,2670,676
1408,The World Is Mine,"Psychological, Seinen",0,plan_to_read,7.85,1161,1182
20647,Thermae Romae,"Award Winning, Comedy, Historical, Seinen, Time Travel",6,completed,7.69,1854,2574
109773,Theseus no Fune,"Drama, Mystery, Seinen",0,plan_to_read,7.66,1992,6375
155755,This Is the Law,"Drama, Supernatural, Time Travel",5,dropped,7.07,8059,12976
3159,Tista,"Action, Drama, Shounen",4,completed,6.87,11239,3328
148139,To Not Die,"Action, Drama",6,on_hold,7.51,2982,4276
3572,Tobaku Mokushiroku Kaiji,"Adult Cast, Award Winning, Drama, High Stakes Game, Seinen, Strategy Game",0,plan_to_read,8.42,206,877
102165,Tokidoki,"Drama, Romance, School, Shounen",7,completed,8.01,768,368
149334,Tokidoki Bosotto Russia-go de Dereru Tonari no Alya-san,"Comedy, Romance, School",5,on_hold,7.68,1905,694
33327,Tokyo Ghoul,"Action, Fantasy, Gore, Horror, Psychological, Seinen, Urban Fantasy",8,completed,8.54,128,6
69879,Tokyo-hatsu Isekai-yuki,"Comedy, Fantasy, Mystery, Seinen, Supernatural",6,completed,6.86,11345,11444
130216,Tomb Raider King,"Action, Adventure, Fantasy, Time Travel",3,completed,7.37,4142,557
912,Tomie,"Drama, Gore, Horror, Shoujo, Supernatural",2,completed,7.78,1411,157
92149,Tomo-chan wa Onnanoko!,"Comedy, Romance, School",5,completed,7.89,1041,108
105747,Tondemo Skill de Isekai Hourou Meshi,"Adventure, Comedy, Fantasy, Gourmet, Isekai",7,on_hold,7.54,2719,758
100035,Tongari Boushi no Atelier,"Fantasy, Seinen",7,plan_to_read,8.66,72,134
124154,Toorigakari ni One Point Advice shiteiku Type no Yankee,Comedy,6,completed,7.85,1187,1895
110771,Toshokan no Daimajutsushi,"Fantasy, Seinen",0,plan_to_read,8.41,218,903
93972,Totsukuni no Shoujo,"Fantasy, Shounen",8,completed,8.32,293,196
122663,Tower of God,"Action, Adventure, Drama, Fantasy, Mystery",6,on_hold,8.36,253,39
703,Trigun,"Action, Adult Cast, Adventure, Comedy, Sci-Fi, Shounen",0,plan_to_read,7.72,1693,454
704,Trigun Maximum,"Action, Adult Cast, Adventure, Award Winning, Comedy, Drama, Sci-Fi, Seinen",0,plan_to_read,8.27,358,599
131924,Tsue to Tsurugi no Wistoria,"Action, Fantasy, School, Shounen",4,dropped,7.81,1328,1315
90117,Tsuki ga Michibiku Isekai Douchuu,"Adventure, Fantasy, Isekai",3,dropped,7.78,1442,446
116367,Tuixiu de Yongzhemen,"Action, Fantasy",5,completed,,39016,32665
14483,Uchuu Kyoudai,"Adult Cast, Award Winning, Drama, Sci-Fi, Seinen, Space, Workplace",0,plan_to_read,8.75,50,465
18570,Ultra Heaven,"Avant Garde, Drama, Psychological, Sci-Fi, Seinen",0,plan_to_read,8.05,668,954
114043,"Umarekawattemo Mata, Watashi to Kekkon shitekuremasu ka",Romance,6,completed,8.59,106,606
142457,Umi ga Hashiru End Roll,"Shoujo, Slice of Life",0,plan_to_read,7.59,2391,3348
127127,Umibe no Q,"Drama, School, Sci-Fi, Seinen",0,plan_to_read,6.97,9638,14397
131843,Unholy Blood,"Action, Romance, Supernatural, Vampire",5,dropped,7.93,926,813
136975,Unmei no Hito ni Deau Hanashi,"Romance, Shoujo",0,plan_to_read,8.04,689,1409
110766,Urasekai Picnic,"Action, Fantasy, Mystery, Shounen",0,plan_to_read,7.82,1293,2904
172843,"Urenokori no Dorei Elf wo Hirotta node, Musume ni Suru Koto ni Shita","Childcare, Fantasy, Seinen",5,on_hold,7.28,5234,10313
3468,Usagi Drop,"Childcare, Comedy, Drama, Josei, Slice of Life",2,completed,6.98,9399,366
9982,Usogui,"Action, High Stakes Game, Psychological, Seinen, Strategy Game",0,plan_to_read,8.61,95,380
146207,Usuzumi no Hate,"Adventure, Sci-Fi, Seinen",7,reading,7.97,822,1667
436,Uzumaki,"Drama, Horror, Seinen, Supernatural",4,completed,8.16,493,31
656,Vagabond,"Action, Adventure, Award Winning, Historical, Samurai, Seinen",10,completed,9.27,3,13
121151,Vampire Dormitory,"Crossdressing, Romance, Shoujo, Supernatural, Vampire",3,dropped,6.56,15993,5697
147191,Villain to Kill,"Action, Super Power",6,dropped,7.33,4619,1684
151550,Villain with a Crush,"Romance, Super Power",5,dropped,7.61,2314,2877
642,Vinland Saga,"Action, Adventure, Award Winning, Drama, Historical, Seinen",9,reading,9.08,7,17
139164,Viral Hit,"Action, Martial Arts, School",6,completed,7.95,886,672
147724,Volcanic Age,"Action, Adventure, Fantasy, Martial Arts, Time Travel",5,dropped,7.24,5600,3586
15916,Waga Tousou,Historical,5,completed,6.64,14916,3018
19790,Wanitokagegisu,"Comedy, Seinen, Slice of Life",0,plan_to_read,7.23,5796,5450
131338,Whale Star: The Gyeongseong Mermaid,"Drama, Historical, Romance",0,plan_to_read,8.33,284,6007
118575,Who Invited You?,"Comedy, Drama, Romance",0,plan_to_read,7.48,3159,9151
121269,Who Made Me a Princess,"Drama, Fantasy, Reincarnation",4,dropped,8.47,174,303
103237,Wind Breaker,"Action, Drama, Sports",6,dropped,8.63,88,282
48151,World Trigger,"Action, Sci-Fi, Shounen",0,plan_to_read,7.81,1341,360
89087,Wotaku ni Koi wa Muzukashii,"Adult Cast, Comedy, Otaku Culture, Romance, Workplace",6,completed,8.35,262,90
130633,Yaiteru Futari,"Gourmet, Romance, Seinen, Slice of Life",5,on_hold,7.72,1659,935
100128,Yakusoku no Neverland,"Award Winning, Mystery, Psychological, Shounen, Survival, Suspense",7,completed,8.14,533,18
125052,Yamada-kun to Lv999 no Koi wo Suru,"Romance, Video Game",0,plan_to_read,8.16,500,298
121480,Yofukashi no Uta,"Award Winning, Romance, Shounen, Supernatural, Vampire",5,completed,8.17,483,144
4,Yokohama Kaidashi Kikou,"Award Winning, Iyashikei, Sci-Fi, Seinen, Slice of Life",6,completed,8.65,76,203
17910,Yomawari Sensei,"Drama, Psychological, School, Seinen",0,plan_to_read,8.26,363,1263
152825,Yongsa High: Dungeon Raiders,"Action, Fantasy, School",3,dropped,7.56,2605,2782
164902,Yoru no Manimani,Romance,5,completed,7.2,6200,13260
104,Yotsuba to!,"Award Winning, Childcare, Comedy, Iyashikei, Slice of Life",5,dropped,8.91,19,69
98436,Youjo Senki,"Action, Fantasy, Isekai, Military, Reincarnation",0,plan_to_read,8.32,295,632
93416,Youkai Gakkou no Sensei Hajimemashita!,"Comedy, Fantasy, Gag Humor, Mythology, School, Workplace",2,dropped,7.81,1320,3530
58245,Youkai Kyoushitsu,"Horror, Josei, Supernatural",4,completed,6.89,10912,794
121426,Yozakura-san Chi no Daisakusen,"Action, Comedy, Shounen",5,dropped,7.66,2019,497
62547,Yugami-kun ni wa Tomodachi ga Inai,"Comedy, School, Shounen, Slice of Life",7,completed,8.21,427,627
94376,Yuru Camp△,"CGDCT, Iyashikei, Slice of Life",4,dropped,8.39,226,965
107575,"Yuukyuu no Gusha Asley no, Kenja no Susume: to, Pochi no Daibouken",Fantasy,3,dropped,6.91,10590,2676
142818,Zeikin de Katta Hon,"Seinen, Slice of Life, Workplace",0,on_hold,7.7,1798,3770
122392,Zom 100: Zombie ni Naru made ni Shitai 100 no Koto,"Adult Cast, Comedy, Seinen, Survival, Suspense",5,dropped,7.6,2351,334
